Federación de estudiantes Universidad Arturo Prat;Tarapacá;Iquique;Arturo Prat 2120;-;Centro de acopio;Varios;9:00 a 18:00;-;572526839;-;-70.141086;-20.243481;www.radiovillafrancia.cl;Mónica Pinto  Geógrafa. Universidad de Chile. Profesional independiente  Recoleta
Universidad Santo tomás;Tarapacá;Iquique;Av. Héroes de la Concepción 2885;-;Centro de acopio;Varios;9:00 a 19:00;-;572512200;-;-70.145123;-20.239888;www.radiovillafrancia.cl;Mónica Pinto  Geógrafa. Universidad de Chile. Profesional independiente  Recoleta
Hospital básico de urgencias;Tarapacá;Alto Hospicio;Av. Martir Detective Jose Cubillos 26;-;Centro de acopio;Varios;-;-;-;-;-70.103866;-20.287352;www.radiovillafrancia.cl;Mónica Pinto  Geógrafa. Universidad de Chile. Profesional independiente  Recoleta
Cecosf El Boro;Tarapacá;Alto Hospicio;Calle 4 2270;-;Centro de acopio;Varios;-;-;572406750;-;-70.096668;-20.246455;www.radiovillafrancia.cl;Mónica Pinto  Geógrafa. Universidad de Chile. Profesional independiente  Recoleta
Gimnasio techado municipal;Tarapacá;Alto Hospicio;Los Álamos 3101;-;Centro de acopio;Varios;-;-;-;-;-70.101571;-20.265655;www.radiovillafrancia.cl;Mónica Pinto  Geógrafa. Universidad de Chile. Profesional independiente  Recoleta
Multicancha;Tarapacá;Alto Hospicio;Pampa Unión con San Donato;-;Centro de acopio;Varios;-;-;-;-;-70.104050;-20.276185;www.radiovillafrancia.cl;Mónica Pinto  Geógrafa. Universidad de Chile. Profesional independiente  Recoleta
Centro comunitario de Rehabilitación;Tarapacá;Alto Hospicio;Isabel riquelme 3115;-;Centro de acopio;Varios;-;-;-;-;-70.097978;-20.283648;www.radiovillafrancia.cl;Mónica Pinto  Geógrafa. Universidad de Chile. Profesional independiente  Recoleta
Ex Estación de Ferrocarriles;Coquimbo;La Serena;Ruta 5 272;-;Centro de acopio;Varios;-;-;512000000;-;-71.256804;-29.902887;www.radiovillafrancia.cl;Mónica Pinto  Geógrafa. Universidad de Chile. Profesional independiente  Recoleta
Centro Comunitario Cuatro Esquinas;Coquimbo;La Serena;Larraín Alcalde 3505;-;Centro de acopio;Varios;-;-;512424815;-;-71.257228;-29.934351;www.radiovillafrancia.cl;Mónica Pinto  Geógrafa. Universidad de Chile. Profesional independiente  Recoleta
Primera Compañía del Cuerpo de Bomberos de La Serena;Coquimbo;La Serena;Balmaceda con Francisco de Aguirre;-;Centro de acopio;Varios;-;-;-;-;-71.249941;-29.906207;www.radiovillafrancia.cl;Mónica Pinto  Geógrafa. Universidad de Chile. Profesional independiente  Recoleta
Segunda Compañía del Cuerpo de Bomberos de La Serena;Coquimbo;La Serena;Juan de Dios Peni 1055;-;Centro de acopio;Varios;-;-;-;-;-71.242312;-29.908593;www.radiovillafrancia.cl;Mónica Pinto  Geógrafa. Universidad de Chile. Profesional independiente  Recoleta
Tercera Compañía del Cuerpo de Bomberos de La Serena;Coquimbo;La Serena;Colo colo con Manuel Montt Sector Antenas;-;Centro de acopio;Varios;-;-;-;-;-71.231712;-29.908838;www.radiovillafrancia.cl;Mónica Pinto  Geógrafa. Universidad de Chile. Profesional independiente  Recoleta
Federación Estudiantes Universidad La Serena;Coquimbo;La Serena;Benavente 980;-;Centro de acopio;Varios;-;-;512204000;-;-71.246647;-29.908703;www.radiovillafrancia.cl;Mónica Pinto  Geógrafa. Universidad de Chile. Profesional independiente  Recoleta
Hall Central INACAP La Serena;Coquimbo;La Serena;Francisco de Aguirre 389;-;Centro de acopio;Varios;-;-;512553500;-;-71.267008;-29.906249;www.radiovillafrancia.cl;Mónica Pinto  Geógrafa. Universidad de Chile. Profesional independiente  Recoleta
Cuerpo de Bomberos de Ovalle;Coquimbo;Ovalle;Miguel de Aguirre 364;-;Centro de acopio;Varios;-;-;-;-;-71.201750;-30.604128;www.radiovillafrancia.cl;Mónica Pinto  Geógrafa. Universidad de Chile. Profesional independiente  Recoleta
Radio Caramelo;Coquimbo;Ovalle;Miguel Riquelme 108;-;Centro de acopio;Varios;-;-;532629907;-;-71.195619;-30.601708;www.radiovillafrancia.cl;Mónica Pinto  Geógrafa. Universidad de Chile. Profesional independiente  Recoleta
Federación Estudiantes Universidad de Chile;Metropolitana;Santiago Centro;Periodista José Carrasco Tapia 9;-;Centro de acopio;Varios;-;-;229771932;-;-70.635059;-33.441111;www.radiovillafrancia.cl;Mónica Pinto  Geógrafa. Universidad de Chile. Profesional independiente  Recoleta
Terminal pesquero metropolitano. Sector mayorista;Metropolitana;Lo Espejo;Av. Américo Vespucio 1500;-;Centro de acopio;Varios;4:00 a 14:00;-;225482023;-;-70.684414;-33.531713;www.radiovillafrancia.cl;Mónica Pinto  Geógrafa. Universidad de Chile. Profesional independiente  Recoleta
Terminal pesquero metropolitano. Sector minorista local 14;Metropolitana;Lo Espejo;Av. Américo Vespucio 1500;-;Centro de acopio;Varios;9:00 a 14:00;-;225482023;-;-70.684414;-33.531713;www.radiovillafrancia.cl;Mónica Pinto  Geógrafa. Universidad de Chile. Profesional independiente  Recoleta
Salón Multiuso Junta de Vecinos 29-1 Villa Francia;Metropolitana;Estación Central;Las Estepas 845;-;Centro de acopio;Varios;-;-;56989293080;-;-70.714444;-33.472531;www.radiovillafrancia.cl;Mónica Pinto  Geógrafa. Universidad de Chile. Profesional independiente  Recoleta
Universidad Autónoma;Metropolitana;Providencia;Av. Pedro de Valdivia 425;-;Centro de acopio;Varios;-;-;-;-;-70.611176;-33.427534;www.radiovillafrancia.cl;Mónica Pinto  Geógrafa. Universidad de Chile. Profesional independiente  Recoleta
Universidad Mayor;Metropolitana;Providencia;Manuel Montt 367;-;Centro de acopio;Varios;10:00 a 14:00;-;-;-;-70.618367;-33.431855;www.radiovillafrancia.cl;Mónica Pinto  Geógrafa. Universidad de Chile. Profesional independiente  Recoleta
Agrupación Lésbica Rompiendo el Silencio;Metropolitana;Providencia;Condell 1325;Pumanque;Centro de acopio;Varios;10:00 a 20:30;-;-;-;-70.626000;-33.447038;www.radiovillafrancia.cl;Mónica Pinto  Geógrafa. Universidad de Chile. Profesional independiente  Recoleta
Fundación SCPA;Metropolitana;Santiago Centro;Metro Universidad de Chile Salida Ahumada;-;Centro de acopio;Para animales;11:00 a 13:00;sab 28 de enero;-;-;-70.650401;-33.443451;www.radiovillafrancia.cl;Mónica Pinto  Geógrafa. Universidad de Chile. Profesional independiente  Recoleta
Poblasur;Metropolitana;San Bernardo;Zenón Torrealba con Ramón Liborio Carvallo;-;Centro de acopio;Varios;11:00 a 20:00;sab 28 de enero;-;-;-70.698740;-33.608834;www.radiovillafrancia.cl;Mónica Pinto  Geógrafa. Universidad de Chile. Profesional independiente  Recoleta
Casa Bolivar;Metropolitana;Santiago Centro;Av. Brasil 658;-;Centro de acopio;Varios;-;lu a vi;-;-;-70.664422;-33.436936;www.radiovillafrancia.cl;Mónica Pinto  Geógrafa. Universidad de Chile. Profesional independiente  Recoleta
Federación de Estudiantes UTEM;Metropolitana;Santiago Centro;Padre Felipe Gomez de Vidaurre 1550 2do piso;-;Centro de acopio;Varios;-;-;-;-;-70.657330;-33.448376;www.radiovillafrancia.cl;Mónica Pinto  Geógrafa. Universidad de Chile. Profesional independiente  Recoleta
Codeff;Metropolitana;Santiago Centro;Alonso Ovalle 612;-;Centro de acopio;Para animales;-;-;-;-;-70.644585;-33.445105;www.radiovillafrancia.cl;Mónica Pinto  Geógrafa. Universidad de Chile. Profesional independiente  Recoleta
Tercera Compañía de Bomberos;Metropolitana;Quilicura;San Luis Norte 780;-;Centro de acopio;Varios;-;-;-;-;-70.754957;-33.359140;www.radiovillafrancia.cl;Mónica Pinto  Geógrafa. Universidad de Chile. Profesional independiente  Recoleta
Colegio Don Orione;Metropolitana;Cerrillos;Camino a Melipilla 7335;Pumanque;Centro de acopio;Varios;10:00 a 19:00;-;-;-;-70.712175;-33.503743;www.radiovillafrancia.cl;Mónica Pinto  Geógrafa. Universidad de Chile. Profesional independiente  Recoleta
Veterinaria;Metropolitana;Conchalí;Diego Silva Henríquez 1283;-;Centro de acopio;Para animales;11:00 a 19:30;-;-;-;-70.662968;-33.384031;www.radiovillafrancia.cl;Mónica Pinto  Geógrafa. Universidad de Chile. Profesional independiente  Recoleta
Veterinaria;Metropolitana;Pudahuel;Laguna Sur 7001;-;Centro de acopio;Para animales;-;-;-;-;-70.732910;-33.461415;www.radiovillafrancia.cl;Mónica Pinto  Geógrafa. Universidad de Chile. Profesional independiente  Recoleta
Veterinaria;Metropolitana;La Reina;Francisco Bilbao 7445;-;Centro de acopio;Para animales;11:00 a 20:00;-;-;-;-70.554875;-33.430642;www.radiovillafrancia.cl;Mónica Pinto  Geógrafa. Universidad de Chile. Profesional independiente  Recoleta
Veterinaria;Metropolitana;Ñuñoa;Alcalde Jorge Monckeberg 595;-;Centro de acopio;Para animales;-;-;-;-;-70.584554;-33.460159;www.radiovillafrancia.cl;Mónica Pinto  Geógrafa. Universidad de Chile. Profesional independiente  Recoleta
Séptima Compañía de Bomberos;Metropolitana;Maipú;El Descanso 644;-;Centro de acopio;Varios;-;-;-;-;-70.749098;-33.470218;www.radiovillafrancia.cl;Mónica Pinto  Geógrafa. Universidad de Chile. Profesional independiente  Recoleta
Bote Salvavidas de Valparaíso;Valparaíso;Valparaíso;Muelle Prat s/n primer piso;Santa Olga;Centro de acopio;Varios;-;-;322692477;322217016;-71.627652;-33.037039;www.radiovillafrancia.cl;Mónica Pinto  Geógrafa. Universidad de Chile. Profesional independiente  Recoleta
Quinta Compañia de Bomberos de Valparaíso;Valparaíso;Valparaíso;Freire 171;-;Centro de acopio;Varios;-;-;322214867;-;-71.614357;-33.044425;www.radiovillafrancia.cl;Mónica Pinto  Geógrafa. Universidad de Chile. Profesional independiente  Recoleta
13va Compañia de Bomberos de Placilla;Valparaíso;Valparaíso;Cardenal Samoré 930;-;Centro de acopio;Varios;-;-;322291066;-;-71.574301;-33.118739;www.radiovillafrancia.cl;Mónica Pinto  Geógrafa. Universidad de Chile. Profesional independiente  Recoleta
Cuarta Compañía de Bomberos;Valparaíso;Viña del Mar;Doce Norte con Quillota;-;Centro de acopio;Varios;-;-;-;-;-71.541608;-33.012591;www.radiovillafrancia.cl;Mónica Pinto  Geógrafa. Universidad de Chile. Profesional independiente  Recoleta
Octava Compañía de Bomberos de Reñaca;Valparaíso;Reñaca;Balmaceda con Torrealba;-;Centro de acopio;Varios;-;-;-;-;-71.537950;-32.972237;www.radiovillafrancia.cl;Mónica Pinto  Geógrafa. Universidad de Chile. Profesional independiente  Recoleta
Universidad del Aconcagua;Valparaíso;San Felipe;Miraflores 260;-;Centro de acopio;Varios;-;-;-;-;-70.708990;-32.750067;www.radiovillafrancia.cl;Mónica Pinto  Geógrafa. Universidad de Chile. Profesional independiente  Recoleta
Colegio Sek Pacífico;Valparaíso;Concón;San Estalisnao 50;-;Centro de acopio;Varios;-;-;322275700;-;-71.533600;-32.940440;www.radiovillafrancia.cl;Mónica Pinto  Geógrafa. Universidad de Chile. Profesional independiente  Recoleta
Sexta Compañía de Bomberos;Valparaíso;Concón;Vergara 1115;-;Centro de acopio;Varios;-;-;322811555;-;-71.512636;-32.926029;www.radiovillafrancia.cl;Mónica Pinto  Geógrafa. Universidad de Chile. Profesional independiente  Recoleta
Plaza de Armas de Quilllota;Valparaíso;Quilllota;O`Higgins 214;-;Centro de acopio;Varios;10:00 a 17:30;-;-;-;-71.247394;-32.880091;www.radiovillafrancia.cl;Mónica Pinto  Geógrafa. Universidad de Chile. Profesional independiente  Recoleta
Cuerpo de Bomberos de San Esteban;Valparaíso;Los Andes;Av. Santa Teresa 31;-;Centro de acopio;Varios;-;-;342480102;-;-70.597356;-32.833838;www.radiovillafrancia.cl;Mónica Pinto  Geógrafa. Universidad de Chile. Profesional independiente  Recoleta
Instituto Chacabuco;Valparaíso;Los Andes;Av. Argentina 201;Pumanque;Centro de acopio;Varios;Desde 10:00;vi 27 de enero;-;-;-70.594841;-32.830211;www.radiovillafrancia.cl;Mónica Pinto  Geógrafa. Universidad de Chile. Profesional independiente  Recoleta
Veterinaria;O'Higgins;Santa Cruz;Rafael Casanova 590;-;Centro de acopio;Para animales;-;-;-;-;-71.372595;-34.641328;www.radiovillafrancia.cl;Mónica Pinto  Geógrafa. Universidad de Chile. Profesional independiente  Recoleta
Veterinaria;O'Higgins;Pichilemu;Comercio con Suarez;-;Centro de acopio;Para animales;-;-;-;-;-72.013791;-34.389896;www.radiovillafrancia.cl;Mónica Pinto  Geógrafa. Universidad de Chile. Profesional independiente  Recoleta
Veterinaria;O'Higgins;Machalí;Av. San Juan 2044 casa 1;-;Centro de acopio;Para animales;-;-;-;-;-70.663755;-34.169975;www.radiovillafrancia.cl;Mónica Pinto  Geógrafa. Universidad de Chile. Profesional independiente  Recoleta
Fundación Amigos de los animales ADLA;O'Higgins;Rancagua;San Rafael Arcángel 1665;-;Centro de acopio;Para animales;-;-;-;-;-70.737799;-34.125676;www.radiovillafrancia.cl;Mónica Pinto  Geógrafa. Universidad de Chile. Profesional independiente  Recoleta
Hospital de Rancagua;O'Higgins;Rancagua;Av. Libertador Bernardo OHiggins 611;-;Centro de acopio;Varios;-;-;722541856;-;-70.741698;-34.164590;www.radiovillafrancia.cl;Mónica Pinto  Geógrafa. Universidad de Chile. Profesional independiente  Recoleta
Veterinaria;Maule;Linares;Colo Colo 486;-;Centro de acopio;Para animales;15:00 a 20:00;-;-;-;-71.597622;-35.850223;www.radiovillafrancia.cl;Mónica Pinto  Geógrafa. Universidad de Chile. Profesional independiente  Recoleta
Cruz Roja;Maule;Linares;Yumbel 466;-;Centro de acopio;Varios;-;-;732210282;-;-71.593333;-35.847675;www.radiovillafrancia.cl;Mónica Pinto  Geógrafa. Universidad de Chile. Profesional independiente  Recoleta
Gimnasio Enrique Don Müller;Maule;Constitución;Rosas 501;-;Centro de acopio;Varios;-;-;-;-;-72.409183;-35.338042;www.radiovillafrancia.cl;Mónica Pinto  Geógrafa. Universidad de Chile. Profesional independiente  Recoleta
Colegio Santo Tomás;Maule;Talca;Ruta K-620 con Ruta k-610;-;Centro de acopio;Varios;-;-;712342460;-;-71.692435;-35.455304;www.radiovillafrancia.cl;Mónica Pinto  Geógrafa. Universidad de Chile. Profesional independiente  Recoleta
Universidad Santo Tomás. Sede Carlos Schorr;Maule;Talca;Carlos Schorr 255;-;Centro de acopio;Varios;Hasta 19:00;-;712342300;-;-71.673516;-35.428948;www.radiovillafrancia.cl;Mónica Pinto  Geógrafa. Universidad de Chile. Profesional independiente  Recoleta
Escuela Básica Talca;Maule;Talca;Ocho Oriente 841;-;Centro de acopio;Varios;8:30 a 20:00;vi 27 de enero otros días confirmar;712232782;-;-71.655957;-35.431061;www.radiovillafrancia.cl;Mónica Pinto  Geógrafa. Universidad de Chile. Profesional independiente  Recoleta
Inacap;Maule;Talca;Av. San Miguel 3483;-;Centro de acopio;Varios;10:00 a 18:30;-;-;-;-71.624248;-35.436469;www.radiovillafrancia.cl;Mónica Pinto  Geógrafa. Universidad de Chile. Profesional independiente  Recoleta
Cesfam Leocan Portus;Biobio;Talcahuano;Manuel Barros Borgoño 2645;-;Centro de acopio;Varios;-;-;412597373;-;-73.088261;-36.744168;www.radiovillafrancia.cl;Mónica Pinto  Geógrafa. Universidad de Chile. Profesional independiente  Recoleta
Sede Club Buena Vista;Biobio;Talcahuano;Baldomero Lara 150;-;Centro de acopio;Varios;-;-;-;-;-73.122433;-36.715087;www.radiovillafrancia.cl;Mónica Pinto  Geógrafa. Universidad de Chile. Profesional independiente  Recoleta
DUOC UC sede San Andrés;Biobio;Concepción;Paicaví 3280;-;Centro de acopio;Varios;-;-;412268200;-;-73.061742;-36.796069;www.radiovillafrancia.cl;Mónica Pinto  Geógrafa. Universidad de Chile. Profesional independiente  Recoleta
Casa del profesor;Biobio;Tomé;Los Cerezos s/n interior;-;Centro de acopio;Varios;-;-;-;-;-73.050527;-36.827625;www.radiovillafrancia.cl;Mónica Pinto  Geógrafa. Universidad de Chile. Profesional independiente  Recoleta
Catedral de Concepción;Biobio;Concepción;-;-;Centro de acopio;Varios;-;-;412223701;-;-73.050980;-36.827524;www.radiovillafrancia.cl;Mónica Pinto  SMajluf
Plaza de armas de Concepción;Biobio;Concepción;-;-;Centro de acopio;Varios;-;-;-;-;-73.050195;-36.827143;www.radiovillafrancia.cl;Mónica Pinto
Escuela Juan Verdaguer;Metropolitana;Recoleta;Purísima 260;-;Centro de acopio;Alimentos no perecibles pañales toallas higiénicas mascarillas y bidones de agua.;8:30 a 17:00;lu a vi sáb por confirmar;-;-;-70.638328;-33.431014;red social personal;Mónica Pinto
Instituto Humanidades Luis Campino;Metropolitana;Providencia;Av. Pedro de Valdivia 290;-;Centro de acopio;Varios;10:00 a 19:00;hasta el Martes 31 de Enero;-;-;-70.611384;-33.426093;Grupo Scout IHLC;Sebastián Araos
Direccion de Desarrollo Comunitario. DIDECO;Valparaíso;La Calera;Gonzalo Lizaoin 405;-;Centro de acopio;Varios;-;-;-;-;-71.187168;-32.786541;www.biobiochile.cl;Juan Romero Geógrafo y Cartógrafo de la UTEM. Trabaja en Mundo Zenit
Centro Comunitario Carol Urzua;Metropolitana;Santiago Centro;Av. Santa Rosa 1727;-;Centro de acopio;Varios;-;-;-;-;-70.642913;-33.468084;www.biobiochile.cl;Juan Romero Geógrafo y Cartógrafo de la UTEM. Trabaja en Mundo Zenit
Gimnasio J. Manuel Lopez;Metropolitana;La Pintana;Santa Elena 1675;-;Centro de acopio;Varios;-;-;-;-;-70.658611;-33.567063;www.biobiochile.cl;Juan Romero Geógrafo y Cartógrafo de la UTEM. Trabaja en Mundo Zenit
FECH;Metropolitana;Santiago Centro;Periodista Jose Carrasco Tapia 75;-;Centro de acopio;Varios;-;-;-;-;-70.636543;-33.441232;www.biobiochile.cl;Juan Romero Geógrafo y Cartógrafo de la UTEM. Trabaja en Mundo Zenit
Barrio Meiggs;Metropolitana;Santiago Centro;Av. Alameda Metro Est. Central;-;Centro de acopio;Varios;hasta las 20:00;lu a vi;-;-;-70.680195;-33.451170;www.biobiochile.cl;Juan Romero Geógrafo y Cartógrafo de la UTEM. Trabaja en Mundo Zenit
Mall Sport;Metropolitana;Lo Barnechea;Av. Las Condes 13455;-;Centro de acopio;Agua;hasta las 17:00:00;hasta el domingo;-;-;-70.506876;-33.371070;www.biobiochile.cl;Juan Romero Geógrafo y Cartógrafo de la UTEM. Trabaja en Mundo Zenit
Municipalidad de Vitacura;Metropolitana;Vitacura;Bicentenario 3800;-;Centro de acopio;Varios;-;-;22240 2200;-;-70.601297;-33.398561;www.biobiochile.cl;Juan Romero Geógrafo y Cartógrafo de la UTEM. Trabaja en Mundo Zenit
18a Compañía de Bomberos;Metropolitana;Vitacura;Geronimo de Alderete 1218;-;Centro de acopio;Varios;-;-;-;-;-70.562912;-33.392214;www.biobiochile.cl;Juan Romero Geógrafo y Cartógrafo de la UTEM. Trabaja en Mundo Zenit
Colegio Maisonette;Metropolitana;Vitacura;Av. Luis Pasteur 6076;-;Centro de acopio;Varios;9:00 a 17:00;lu a vi;-;-;-70.575850;-33.386086;www.biobiochile.cl;Juan Romero Geógrafo y Cartógrafo de la UTEM. Trabaja en Mundo Zenit
Vitavecino;Metropolitana;Vitacura;Av. San Felix 1318;-;Centro de acopio;Varios;9:00 a 17:00;lu a vi;-;-;-70.560048;-33.390189;www.biobiochile.cl;Juan Romero Geógrafo y Cartógrafo de la UTEM. Trabaja en Mundo Zenit
Centro de Acopio;Biobio;Concepción;Ejercito esq Tucapel;-;Centro de acopio;Alimento para mascotas perros y gatos;-;-;-;-;-73.054729;-36.811313;www.biobiochile.cl;Rosita Edwards Geógrafa estudiante de Geografía de la U. de Chile Santiago
Cuerpo de Bomberos de Castro;Los Lagos;Castro;Libertador Bernardo O'Higgins 376;-;Centro de acopio;-;-;-;-;-;-72.042322;-45.582532;-;Karen Castillo Geógrafa de la UPLA. Trabaja en el INE Santiago
Primera Compañía de Bomberos de Coyhaique;Aysén;Coyhaique;General Parra 365;-;Centro de Acopio;Varios;-;-;-;-;-72.069929;-45.569755;www.radiovillafrancia.cl;Karen Castillo Geógrafa de la UPLA. Trabaja en el INE Santiago
Segunda Compañía de Bomberos de Coyhaique;Aysén;Coyhaique;Magallanes 665;-;Centro de Acopio;Varios;-;-;-;-;-72.076229;-45.575074;www.radiovillafrancia.cl;Karen Castillo Geógrafa de la UPLA. Trabaja en el INE Santiago
Tercera Compañía de Bomberos de Coyhaique;Aysén;Coyhaique;Las Quintas con Los Coigües;-;Centro de Acopio;Varios;Desde las 19 horas;-;222402200;-;-72.060823;-45.580732;www.radiovillafrancia.cl;Karen Castillo Geógrafa de la UPLA. Trabaja en el INE Santiago
Cuarta Compañía de Bomberos de Coyhaique;Aysén;Coyhaique;Oscar del Río con Las Pizarras;-;Centro de Acopio;Varios;-;-;-;-;-72.042321;-45.582532;www.radiovillafrancia.cl;Karen Castillo Geógrafa de la UPLA. Trabaja en el INE Santiago
Club la Perla del Estrecho;Magallanes;Punta Arenas;Emilio Korner 1098;-;Centro de Acopio;Varios;Jueves De 10 a 21 horas;-;-;-;-70.903255;-53.164309;www.radiovillafrancia.cl;Karen Castillo Geógrafa de la UPLA. Trabaja en el INE Santiago
Espacio Cultural La Idea;Magallanes;Punta Arenas;Mejicana 252;-;Centro de Acopio;Varios;Jueves y Viernes Desde 21 horas;-;-;-;-70.913642;-53.155481;www.radiovillafrancia.cl;Karen Castillo Geógrafa de la UPLA. Trabaja en el INE Santiago
Sin Nombre;Magallanes;Punta Arenas;Avenida Cristobal Colon con Gobernardor Carlos Bories;-;Centro de Acopio;Varios;Viernes De 10 a 20 horas;-;-;-;-70.906122;-53.159842;www.radiovillafrancia.cl;Karen Castillo Geógrafa de la UPLA. Trabaja en el INE Santiago
Centro Comunitario Carol Urzua;Metropolitana;Santiago Centro;Av. Sta. Rosa 1727;-;Centro de Acopio;Varios;10:00 a 20:00 horas;-;-;-;-70.644663;-33.468148;http://www.biobiochile.cl/noticias/nacional/region-metropolitana/2017/01/23/municipio-de-santiago-implementa-6-centros-de-acopio-para-ayudar-a-afectados-por-incendios.shtml;Karen Castillo Geógrafa de la UPLA. Trabaja en el INE Santiago
Gimnasio Manuel López;Metropolitana;Santiago Centro;Santa Elena 1675;-;Centro de Acopio;Varios;10:00 a 20:00 horas;-;-;-;-70.630669;-33.466004;http://www.biobiochile.cl/noticias/nacional/region-metropolitana/2017/01/23/municipio-de-santiago-implementa-6-centros-de-acopio-para-ayudar-a-afectados-por-incendios.shtml;Karen Castillo Geógrafa de la UPLA. Trabaja en el INE Santiago
Plaza Yungay;Metropolitana;Santiago Centro;Rosas con Libertad;-;Centro de Acopio;Varios;10:00 a 19:00 horas;-;-;-;-70.676184;-33.437442;http://www.biobiochile.cl/noticias/nacional/region-metropolitana/2017/01/23/municipio-de-santiago-implementa-6-centros-de-acopio-para-ayudar-a-afectados-por-incendios.shtml;Karen Castillo Geógrafa de la UPLA. Trabaja en el INE Santiago
Barrio Matadero;Metropolitana;Santiago Centro;Franklin 840 puerta 5;-;Centro de Acopio;Varios;10:00 a 19:00 horas;-;-;-;-70.646555;-33.473041;http://www.biobiochile.cl/noticias/nacional/region-metropolitana/2017/01/23/municipio-de-santiago-implementa-6-centros-de-acopio-para-ayudar-a-afectados-por-incendios.shtml;Karen Castillo Geógrafa de la UPLA. Trabaja en el INE Santiago
Barrio Meiggs;Metropolitana;Santiago Centro;Meiggs esquina Salvador Sanfuentes;-;Centro de Acopio;Varios;10:00 a 19:00 horas;-;-;-;-70.678039;-33.451653;http://www.biobiochile.cl/noticias/nacional/region-metropolitana/2017/01/23/municipio-de-santiago-implementa-6-centros-de-acopio-para-ayudar-a-afectados-por-incendios.shtml;Karen Castillo Geógrafa de la UPLA. Trabaja en el INE Santiago
Plaza de Bolsillo Santo Domingo;Metropolitana;Santiago Centro;Teatinos con Santo Domingo;-;Centro de Acopio;Varios;15:00 a 20:00 horas;-;-;-;-70.655574;-33.436709;http://www.biobiochile.cl/noticias/nacional/region-metropolitana/2017/01/23/municipio-de-santiago-implementa-6-centros-de-acopio-para-ayudar-a-afectados-por-incendios.shtml;Karen Castillo Geógrafa de la UPLA. Trabaja en el INE Santiago
Veterinaria Mundo Animal;Metropolitana;Pudahuel;Av. Laguna Sur 7001;-;Centro de Acopio;Comida de Animales;-;-;569 92579917;22 7479196;-70.735160;-33.461490;http://oasisfm.cl/oasisfm/noticias/centros-de-acopio-de-ayuda-para-los-animales-afectados-por-los-incendios/2017-01-26/103606.html;Karen Castillo Geógrafa de la UPLA. Trabaja en el INE Santiago
Juventudes Comunistas;Metropolitana;Recoleta;Avenida Recoleta 2498;-;Centro de Acopio;Varios;-;-;-;-;-70.643138;-33.404242;https://www.cooperativa.cl/noticias/pais/desastres-naturales/incendios-forestales/centros-de-acopio-para-ayudar-a-los-damnificados-de-los-incendios/2017-01-26/155949.html;Karen Castillo Geógrafa de la UPLA. Trabaja en el INE Santiago
Sede Orca Chile;Metropolitana;Ñuñoa;Alcalde Jorge Monckeberg 595;-;Centro de Acopio;Varios;-;-;-;-;-70.584523;-33.460052;https://www.cooperativa.cl/noticias/pais/desastres-naturales/incendios-forestales/centros-de-acopio-para-ayudar-a-los-damnificados-de-los-incendios/2017-01-26/155949.html;Karen Castillo Geógrafa de la UPLA. Trabaja en el INE Santiago
Cesfam Doctor Rene Tapia. Av Galvarino Riveros 931;Los Lagos;Castro;Galvarino Riveros N° 939;-;Centro de acopio;-;08:00 a 16:48;Lunes a viernes;652537601;-;-73.762134;-42.479806;www.biobiochile.cl;María José Labarca  Geógrafa de la U. de Chile es de Santiago.
Cesfam Quillahue Población Salvador Allende;Los Lagos;Castro;Galvarino Riveros Norte N° 2719;-;Centro de acopio;-;08:00 a 16:48;Lunes a viernes;652773080;-;-73.792918;-42.460746;www.biobiochile.cl;María José Labarca  Geógrafa de la U. de Chile es de Santiago.
Cecosf de Llau -Llao. Arturo Prat 218. Villa Llau-Llao;Los Lagos;Castro;Arturo Prat N° 218;-;Centro de acopio;-;08:00 a 16:48;Lunes a viernes;652531744;-;-73.766698;-42.466726;www.biobiochile.cl;María José Labarca  Geógrafa de la U. de Chile es de Santiago.
Cecosf Kintunien Ines de Bazán esquina López de garcia y Nueva Galicia;Los Lagos;Castro;Inés de Bazán esquina Lope de García;-;Centro de acopio;-;08:00 a 16:48;Lunes a viernes;652537081;-;-73.777931;-42.464416;www.biobiochile.cl;María José Labarca  Geógrafa de la U. de Chile es de Santiago.
Cecosf Rilán Rilán;Los Lagos;Castro;Av. 18 de septiembre N°8;-;Centro de acopio;-;08:00 a 16:48;Lunes a viernes;cel- 75887827;-;-73.627921;-42.520813;www.biobiochile.cl;María José Labarca  Geógrafa de la U. de Chile es de Santiago.
Cuartel de bomberos;Los Lagos;Castro;O´higgins 308;-;Centro de acopio;-;-;-;63222222;-;-73.765380;-42.482837;www.biobiochile.cl;María José Labarca  Geógrafa de la U. de Chile es de Santiago.
Cuartel de bomberos Avenida Mocopulli 25;Los Lagos;Dalcahue;Avenida Mocopulli 25;-;Centro de acopio;-;-;-;2641315;-;-73.648307;-42.379449;www.biobiochile.cl;María José Labarca  Geógrafa de la U. de Chile es de Santiago.
Cuartel de Bomberos;Los Lagos;Quellon;Ramon Freire 217;-;Centro de acopio;-;-;-;2682333;-;-73.616932;-43.120170;www.biobiochile.cl;María José Labarca  Geógrafa de la U. de Chile es de Santiago.
Cuartel de Bomberos Chacao;Los Lagos;Ancud;Bellavista 145;-;Centro de acopio;-;-;-;696323;-;-73.525785;-41.828682;www.biobiochile.cl;María José Labarca  Geógrafa de la U. de Chile es de Santiago.
Sede de la junta de Vecinos Manuel Rodriguez Calle Serrano;Los Lagos;Chonchi;Calle Serrano con Condell;-;Centro de acopio;-;-;-;-;-;-73.778357;-42.619904;www.biobiochile.cl;María José Labarca  Geógrafa de la U. de Chile es de Santiago.
Agrupacion 'Todos por Isaac';Metropolitana;Recoleta;José Santos Ossa con Adela Martinez;-;Centro de acopio;-;-;-;-;-;-70.636441;-33.388699;Red 'El pueblo ayuda al pueblo' - Redes sociales;Diego Soza Geógrafo UCH Consultor en geomática
Casa comunitaria Esperanza Popular;Metropolitana;Maipú;Marga Marga 2140;-;Centro de acopio;-;-;-;-;-;-70.787568;-33.509571;Red 'El pueblo ayuda al pueblo' - Redes sociales;Diego Soza Geógrafo UCH Consultor en geomática
Casa Igualdad;Metropolitana;Santiago;Ricardo Cumming 525;-;Centro de acopio;-;-;-;-;-;-70.668486;-33.438626;Red 'El pueblo ayuda al pueblo' - Redes sociales;Diego Soza Geógrafo UCH Consultor en geomática
Casa Ukamau;Metropolitana;Estación Central;Pasaje 39 #4450;-;Centro de acopio;-;-;-;-;-;-70.695084;-33.476093;Red 'El pueblo ayuda al pueblo' - Redes sociales;Diego Soza Geógrafo UCH Consultor en geomática
Casino de la Municipalidad de Cerro Navia;Metropolitana;Cerro Navia;Del Consistorial 6645;-;Centro de acopio;-;-;-;-;-;-70.728820;-33.434953;Red 'El pueblo ayuda al pueblo' - Redes sociales;Diego Soza Geógrafo UCH Consultor en geomática
CCEE Ingenieria en gestión turistica UTEM;Metropolitana;Providencia;Dr. Hernán Alessandri 644;-;Centro de acopio;-;-;-;-;-;-70.625463;-33.434639;Red 'El pueblo ayuda al pueblo' - Redes sociales;Diego Soza Geógrafo UCH Consultor en geomática
CCEE Ingenieria industrial UTEM;Metropolitana;Ñuñoa;Avenida José Pedro Alessandri 1242;-;Centro de acopio;-;-;-;-;-;-70.598177;-33.466331;Red 'El pueblo ayuda al pueblo' - Redes sociales;Diego Soza Geógrafo UCH Consultor en geomática
CCEE Obras civiles UTEM;Metropolitana;Santiago;Dieciocho 390;-;Centro de acopio;-;-;-;-;-;-70.657241;-33.451223;Red 'El pueblo ayuda al pueblo' - Redes sociales;Diego Soza Geógrafo UCH Consultor en geomática
Centro Alicia Cañas;Metropolitana;Providencia;Av. Italia 1182;-;Centro de acopio;-;-;-;-;-;-70.625197;-33.445415;Red 'El pueblo ayuda al pueblo' - Redes sociales;Diego Soza Geógrafo UCH Consultor en geomática
Centro Cultural La Juanita;Metropolitana;Conchalí;Granada 5633;-;Centro de acopio;-;-;-;-;-;-70.682840;-33.376112;Red 'El pueblo ayuda al pueblo' - Redes sociales;Diego Soza Geógrafo UCH Consultor en geomática
Centro Juventud Providencia;Metropolitana;Providencia;Av. Manuel Montt 101;-;Centro de acopio;-;-;-;-;-;-70.621185;-33.427986;Red 'El pueblo ayuda al pueblo' - Redes sociales;Diego Soza Geógrafo UCH Consultor en geomática
Centro social Elefante Blanco;Metropolitana;Estación Central;Luis Infante Cerda 5500;-;Centro de acopio;-;-;-;-;-;-70.716191;-33.475655;Red 'El pueblo ayuda al pueblo' - Redes sociales;Diego Soza Geógrafo UCH Consultor en geomática
CGT Confederación general de trabajadores;Metropolitana;Santiago;Dieciocho 45 piso 5;-;Centro de acopio;-;-;-;-;-;-70.658344;-33.446837;Red 'El pueblo ayuda al pueblo' - Redes sociales;Diego Soza Geógrafo UCH Consultor en geomática
Colegio Enrique Donn Müller;Séptima;Constitución;Bulnes 811;-;Centro de acopio;-;-;-;-;-;-70.651171;-33.436259;Red 'El pueblo ayuda al pueblo' - Redes sociales;Diego Soza Geógrafo UCH Consultor en geomática
Cuerpo de Bomberos de Santiago. .;Metropolitana;Santiago;Santo Domingo 978;-;Centro de acopio;-;-;-;-;-;-70.651111;-33.436250;Red 'El pueblo ayuda al pueblo' - Redes sociales;Diego Soza Geógrafo UCH Consultor en geomática
Desarrollo Social;Metropolitana;Providencia;Eliodoro Yañez 1947;-;Centro de acopio;-;-;-;-;-;-70.610751;-33.431851;Red 'El pueblo ayuda al pueblo' - Redes sociales;Diego Soza Geógrafo UCH Consultor en geomática
Escuela Monseñor Manuel Larrain;Octava;Hualañé;Pedro Aguirre Cerda 346;-;Centro de acopio;-;-;-;-;-;-71.801553;-34.977561;Red 'El pueblo ayuda al pueblo' - Redes sociales;Diego Soza Geógrafo UCH Consultor en geomática
Gimnasio José Manuel López.;Metropolitana;Santiago;Santa Elena 1675;-;Centro de acopio;-;-;-;-;-;-70.628477;-33.465996;Red 'El pueblo ayuda al pueblo' - Redes sociales;Diego Soza Geógrafo UCH Consultor en geomática
Junta de vecinos N° 35;Metropolitana;La Florida;Los Bambués con Los Hibiscos;-;Centro de acopio;-;-;-;-;-;-70.581179;-33.511977;Red 'El pueblo ayuda al pueblo' - Redes sociales;Diego Soza Geógrafo UCH Consultor en geomática
Metro Zapadores;Metropolitana;Recoleta;-;-;Centro de acopio;-;-;-;-;-;-70.642262;-33.390649;Red 'El pueblo ayuda al pueblo' - Redes sociales;Diego Soza Geógrafo UCH Consultor en geomática
Sede comunitaria;Metropolitana;La Florida;Las Nobelias con metrosivero;-;Centro de acopio;-;-;-;-;-;-70.583285;-33.512020;Red 'El pueblo ayuda al pueblo' - Redes sociales;Diego Soza Geógrafo UCH Consultor en geomática
SINTRAC Sindicato de trabajadores de la construccion;Metropolitana;Santiago;General Jofré 382;-;Centro de acopio;-;-;-;-;-;-70.639394;-33.445774;Red 'El pueblo ayuda al pueblo' - Redes sociales;Diego Soza Geógrafo UCH Consultor en geomática
Taller Sol;Metropolitana;Santiago;Portales 2653;-;Centro de acopio;-;-;-;-;-;-70.672363;-33.442813;Red 'El pueblo ayuda al pueblo' - Redes sociales;Diego Soza Geógrafo UCH Consultor en geomática
Unión clasista de trabajadores UCT;Metropolitana;Santiago;Concha y Toro 42-A;-;Centro de acopio;-;-;-;-;-;-70.665789;-33.445408;Red 'El pueblo ayuda al pueblo' - Redes sociales;Diego Soza Geógrafo UCH Consultor en geomática
Cowit ;Maule;Talca;2 sur 1 poniente;-;centro de acopio y logistica;-;22:00;-;71396590;-;-71.667194;-35.428176;-;-
Alto Las Condes frente a Jumbo;RM;Las Condes;Av. Pdte. Kennedy Lateral 9001;-;Centro de Acopio;Bebidas isotónicas sopas y pastas 3 minutos mochila para agua;-;-;2-2299 6965;-;-70.546289;-33.390932;CENCOSUD;Andrea Artol Licenciada en Geografía UAHC Santiago
Costanera Center Planta baja;RM;Providencia;Av. Andrés Bello 2425;-;Centro de Acopio;Bebidas isotónicas sopas y pastas 3 minutos mochila para agua;-;-;-;-;-70.607510;-33.417919;CENCOSUD;Andrea Artol Licenciada en Geografía UAHC Santiago
Portal la Dehesa Frente a Jumbo;RM;Lo Barnechea;Av. La Dehesa 1445;-;Centro de Acopio;Bebidas isotónicas sopas y pastas 3 minutos mochila para agua;-;-;-;-;-70.515266;-33.357580;CENCOSUD;Andrea Artol Licenciada en Geografía UAHC Santiago
Portal la Reina frente a Farmacias ahumada;RM;Las condes;Avenida Francisco Bilbao 8750;-;Centro de Acopio;Bebidas isotónicas sopas y pastas 3 minutos mochila para agua;-;-;-;-;-70.539964;-33.427956;CENCOSUD;Andrea Artol Licenciada en Geografía UAHC Santiago
Florida Center en acceso Jumbo;RM;La Florida;Av. Vicuña Mackenna Ote. 6100;-;Centro de Acopio;Bebidas isotónicas sopas y pastas 3 minutos mochila para agua;-;-;-;-;-70.608103;-33.509822;CENCOSUD;Andrea Artol Licenciada en Geografía UAHC Santiago
Portal Ñuñoa primer nivel en acceso Jumbo;RM;Ñuñoa;José Pedro Alessandri 1132;-;Centro de Acopio;Bebidas isotónicas sopas y pastas 3 minutos mochila para agua;-;-;-;-;-70.597829;-33.465017;CENCOSUD;Andrea Artol Licenciada en Geografía UAHC Santiago
Portal Osorno en acceso Jumbo;X;Osorno;Plaza Yungay Osorno 609;-;Centro de Acopio;Bebidas isotónicas sopas y pastas 3 minutos mochila para agua;-;-;-;-;-73.130930;-40.573983;CENCOSUD;Andrea Artol Licenciada en Geografía UAHC Santiago
Portal Temuco primer nivel en plaza central;IX;Temuco;Av Alemania 671 Temuco;-;Centro de Acopio;Bebidas isotónicas sopas y pastas 3 minutos mochila para agua;-;-;56452297900;-;-72.610520;-38.734679;CENCOSUD;Andrea Artol Licenciada en Geografía UAHC Santiago
Portal Rancagua en acceso Jumbo;VI;Rancagua;Avenida Presidente Eduardo Frei 750;-;Centro de Acopio;Bebidas isotónicas sopas y pastas 3 minutos mochila para agua;-;-;-;-;-70.724936;-34.184297;CENCOSUD;Andrea Artol Licenciada en Geografía UAHC Santiago
CFT Andrés Bello;Araucanía;Temuco;Las Heras 538;-;Centro de acopio;Varios;08:30 a 20:30;-;452972838;-;-72.595829;-38.737949;www.radiovillafrancia.cl;Natalia Palma Lic. en ciencias Geográficas U Católica de Temuco Beyond the Wild Puertomontina
Tanuki Bar;Araucanía;Temuco;Av. Alemania esq. Thiers 504;-;Centro de acopio;Varios;12:00 a 01:00;-;977984606;-;-72.604014;-38.736201;www.radiovillafrancia.cl;Natalia Palma Lic. en ciencias Geográficas U Católica de Temuco Beyond the Wild Puertomontina
Incubatec UFRO;Araucanía;Temuco;Prat 321;-;Centro de acopio;Varios;09:00 a 13:00;-;452734030;-;-72.589879;-38.736713;www.radiovillafrancia.cl;Natalia Palma Lic. en ciencias Geográficas U Católica de Temuco Beyond the Wild Puertomontina
Cuerpo de Bomberos;Araucanía;Lautaro;Bilbao 245;-;Centro de acopio;Varios;-;-;452531905;-;-72.436056;-38.544587;www.radiovillafrancia.cl;Natalia Palma Lic. en ciencias Geográficas U Católica de Temuco Beyond the Wild Puertomontina
12° Compañía de Bomberos;Araucanía;Temuco;Av. Los Creadores 495;-;Centro de acopio;Varios;-;-;-;-;-72.653610;-38.711522;www.radiovillafrancia.cl;Natalia Palma Lic. en ciencias Geográficas U Católica de Temuco Beyond the Wild Puertomontina
Centro General de Bomberos;Los Lagos;Osorno;Bilbao 909;-;Centro de acopio;Varios;-;-;642232222;-;-73.134515;-40.575973;www.radiovillafrancia.cl;Natalia Palma Lic. en ciencias Geográficas U Católica de Temuco Beyond the Wild Puertomontina
Casa de la Música;Biobio;Concepción;Plaza España 542;-;Centro de acopio;Varios;-;hasta el 31 de enero;-;-;-73.058447;-36.829475;www.biobiochile.cl;Ana Karina Maldonado Geógrafa U de Chile Santiago
Casa Shaka;Biobio;Concepción;Anibal Pinto  1577;-;Centro de acopio;Varios;-;-;-;-;-73.057180;-36.815028;www.biobiochile.cl;Ana Karina Maldonado Geógrafa U de Chile Santiago
Mall del Centro Concepción;Biobio;Concepción;Barros Arana 1068;-;Centro de acopio;Varios;8:30 a 22:00;-;41-3163100;-;-73.045207;-36.824504;www.biobiochile.cl;Ana Karina Maldonado Geógrafa U de Chile Santiago
Biblioteca Viva Trébol;Biobio;Talcahuano;Presidente Jorge Alessandri Rodriguez 3177;-;Centro de acopio;Varios;13:00 a 21:00;hasta el 30 de enero;222996965;-;-73.058848;-36.780262;www.biobiochile.cl;Ana Karina Maldonado Geógrafa U de Chile Santiago
Municipalidad de Chiguayante;Biobio;Chiguayante;Orozimbo Barbosa 104;-;Centro de acopio;Varios;-;-;-;-;-73.030258;-36.916759;www.biobiochile.cl;Ana Karina Maldonado Geógrafa U de Chile Santiago
Gimnacio Municipal;Biobio;Chiguayante;Pedro Aguirre Cerda 52;-;Centro de acopio;Varios;-;-;-;-;-73.031226;-36.910751;www.biobiochile.cl;Ana Karina Maldonado Geógrafa U de Chile Santiago
1era Compañía de Bomberos;Biobio;Chiguayante;Manquimávida 333;-;Centro de acopio;Varios;-;-;-;-;-73.024709;-36.943069;www.biobiochile.cl;Ana Karina Maldonado Geógrafa U de Chile Santiago
Esquina redonda;Biobio;Tomé;Vicente Palacios con Enrique Molina;-;Centro de acopio;Varios;-;-;-;-;-72.951894;-36.597946;www.biobiochile.cl;Ana Karina Maldonado Geógrafa U de Chile Santiago
Cuartel de Bomberos;Biobio;San Pedro de la Paz;Los Mañios 1565;-;Centro de acopio;Varios;-;-;-;-;-73.103790;-36.843225;www.biobiochile.cl;Ana Karina Maldonado Geógrafa U de Chile Santiago
Particular;VIII;Coronel;Los guayacanes 1301;-;Centro de Acopio;Varios;-;-;-;-;-73.16031;-36.98437;www.biobiochile.cl;Valeria Vidal Lienciada en Geografía U. de Concepción es de Concepción
Facultad de Enfermería;VIII;Concepción;Roosevelt / Lientur;-;Centro de Acopio;Varios;-;-;-;-;-73.03594;-36.82097;www.biobiochile.cl;Valeria Vidal Lienciada en Geografía U. de Concepción es de Concepción
Universidad del Desarrollo;VIII;Concepción;Ainavillo 456;-;Centro de Acopio;Varios;08:00-18:00;-;56412268610;-;-73.03697;-36.82154;www.biobiochile.cl;Valeria Vidal Lienciada en Geografía U. de Concepción es de Concepción
Municipalidad de Concepción;VIII;Concepción;O'Higgins 525;-;Centro de Acopio;Varios;desde las 09:00;-;56412236555;-;-73.05146;-36.82821;www.biobiochile.cl;Valeria Vidal Lienciada en Geografía U. de Concepción es de Concepción
Catedral Concepción;VIII;Concepción;Caupolican entre Barros Arana y O'Higgins;-;Centro de Acopio;Varios;-;-;56412223701;-;-73.05094;-36.82745;www.biobiochile.cl;Valeria Vidal Lienciada en Geografía U. de Concepción es de Concepción
Tribunales de justicia;VIII;Concepción;O'Higgins s/n;-;Centro de Acopio;Varios;-;-;-;-;-73.04663;-36.82531;www.biobiochile.cl;Valeria Vidal Lienciada en Geografía U. de Concepción es de Concepción
Universidad San Sebastián;VIII;Concepción;Lientur 1557;-;Centro de Acopio;Alimentos. medicamentos para Animales;10:00-17:00;-;56412487900;-;-73.04453;-36.81406;www.biobiochile.cl;Valeria Vidal Lienciada en Geografía U. de Concepción es de Concepción
Liceo Jorge Sanchez Ugarte;VIII;Concepción;Juan de Dios Rivera 1821;-;Centro de Acopio;Varios;-;-;56412242382;-;-73.0455;-36.8063;www.biobiochile.cl;Valeria Vidal Lienciada en Geografía U. de Concepción es de Concepción
CRP;VIII;Concepción;Ongolmo 115;-;Centro de Acopio;Varios;-;-;-;-;-73.04113;-36.82768;www.biobiochile.cl;Valeria Vidal Lienciada en Geografía U. de Concepción es de Concepción
8va. Compañía de Bomberos;VIII;Concepción;Los Carrera 1837;-;Centro de Acopio;Varios;-;-;56412214001;-;-73.03758;-36.81721;www.biobiochile.cl;Valeria Vidal Lienciada en Geografía U. de Concepción es de Concepción
Vega Monumental;VIII;Concepción;21 de Mayo s/n;-;Centro de Acopio;Varios;10:00-19:00;-;56412793100;-;-73.07886;-36.80881;www.biobiochile.cl;Valeria Vidal Lienciada en Geografía U. de Concepción es de Concepción
Primera Compañía de Bomberos de Constitución;Maule;Constitución;Vial 380;-;Centro de Acopio;Varios;-;-;712675969;-;-72.410428;-35.333327;Terreno;Felipe Jara estudiante de Geografía UAHC de Constitución
Gimnasio Enrique Donn Müller;Maule;Constitución;Rosas 501;-;Centro de Acopio;Varios;-;-;-;-;-72.409255;-35.337901;Terreno;Felipe Jara estudiante de Geografía UAHC de Constitución
Colegio Santiago Oñederra;Maule;Constitución;Bulnes 509;-;Centro de Acopio Desafío Levantemos Chile;Varios;-;-;-;-;-72.40921;-35.330573;Terreno;Felipe Jara estudiante de Geografía UAHC de Constitución
Entrada de Supermercado Santa Isabel;VII del Maule;Curicó;Avenida El Boldo esquina Circunvalación;-;Centro de Acopio de cosas varias;Alimentos para personas Agua Bebidas isotónicas Ropa para bebés y niños Ropa de cama (sábanas frazadas) Ropa para adultos Insumos para aseo personal. (Shampoo cepillos pasta de dientes toallas higiénicas) Insumos para aseo (Cloro jabón de lavar detergente).;De 9:00 a 21:00;Toda la semana;-;-;-71.232976;-34.970487;www.maulescholar.cl;-
Codeff;XIII Metropolitana;Santiago;Alonso de Ovalle 612;-;Centro de Acopio de cosas varias;Alimento para animales;-;-;227479196- - 227475490;56992579917;-70.384043;-33.264217;http://oasisfm.cl/oasisfm/noticias/centros-de-acopio-de-ayuda-para-los-animales-afectados-por-los-incendios/2017-01-26/103606.html;Marco Quijada Castro Geógrafo 
Clinica Veterinaria Diego Silva;Metropolitana;Conchalí;Diego Silva Henríquez 1283;-;Centro de Acopio de Animales;Varios;De 11 a 19:30 hrs;Lunes a Viernes;-;-;-70.665131;-33.383946;www.elmostrador.cl;Carlos Ruz Matemático UC y Docente. Laboratorio de Datos Chile
 Veterinaria Mundo Animal;Metropolitana;Pudahuel;Laguna Sur 7001;-;Centro de Acopio de Animales;Varios;De 10 a 16:00 hrs;Lunes a Viernes;-;-;-70.735159;-33.461489;www.lanacion.cl;Carlos Ruz Matemático UC y Docente. Laboratorio de Datos Chile
Veterinaria Animal Pet´s;Metropolitana;La Reina;Francisco Bilbao 7445;-;Centro de Acopio de Animales;Varios;De 11 a 20:00 hrs;Lunes a Domingo;-;-;-70.557023;-33.430539;www.biobiochile.cl;Carlos Ruz Matemático UC y Docente. Laboratorio de Datos Chile
ORCA Chile;Metropolitana;Ñuñoa;Alcalde Jorge Monckeberg 595;-;Centro de Acopio de Animales;Varios;-;-;-;-;-70.586732;-33.460127;www.biobiochile.cl;Carlos Ruz Matemático UC y Docente. Laboratorio de Datos Chile
Veterinaria;O´Higgins;Pichilemu;Calle Comercio con Suárez;-;Centro de Acopio de Animales;Varios;-;-;-;56999753133;-72.015961;-34.389851;www.biobiochile.cl;Carlos Ruz Matemático UC y Docente. Laboratorio de Datos Chile
Veterinaria;O´Higgins;Machalí;Avenida San Juan 2044 Casa 1;-;Centro de Acopio de Animales;Varios;-;-;-;56988291137;-70.665925;-34.169927;www.lanacion.cl;Carlos Ruz Matemático UC y Docente. Laboratorio de Datos Chile
Tienda Veterinaria;Maule;Linares;Colo Colo 486;-;Centro de Acopio de Animales;Varios;De 15 a 20 hrs;-;-;-;-71.599786;-35.850124;www.eldinamo.cl;Carlos Ruz Matemático UC y Docente. Laboratorio de Datos Chile
Gimnasio Municipal de Curepto;Maule;Curepto;Camino al Llano s/n;-;Centro de Acopio;Varios;-;-;-;-;-72.017457;-35.091864;Terreno;Carlos Ruz Matemático UC y Docente. Laboratorio de Datos Chile
Camenchi;Metropolitana;Providencia;Keller 1207;-;Centro de Acopio de Animales;Medicinas animales menores;-;-;-;56999173329;-70.619619;-33.436659;www.adnradio.cl;Carlos Ruz Matemático UC y Docente. Laboratorio de Datos Chile
Comandancia y Primera Compañia de Bomberos Coyhaique;Aysen;Coyhaique;General Parra 365;-;Centro de acopio;Agua mineral embotellada de preferencia sin gas. Bebidas isotónicas. Barra de cereales y energéticas. Bloqueadores solares;8:00 a 22:00;-;-;-;-72.069927;-45.569767;Twitter @1raCoyhaique;Andrea Zúñiga Ing. Geomensora Usach Santiago
Segunda Compañia de Bomberos Coyhaique;Aysen;Coyhaique;Almirante Simpson 96;-;Centro de acopio;Agua mineral embotellada de preferencia sin gas. Bebidas isotónicas. Barra de cereales y energéticas. Bloqueadores solares;8:00 a 22:00;-;-;-;-72.075963;-45.575303;Twitter @1raCoyhaique;Andrea Zúñiga Ing. Geomensora Usach Santiago
Tercera Compañia de Bomberos Coyhaique;Aysen;Coyhaique;Las Quintas 779;-;Centro de acopio;Agua mineral embotellada de preferencia sin gas. Bebidas isotónicas. Barra de cereales y energéticas. Bloqueadores solares;8:00 a 22:00;-;-;-;-72.060919;-45.580819;Twitter @1raCoyhaique;Andrea Zúñiga Ing. Geomensora Usach Santiago
Cuarta Compañia de Bomberos Coyhaique;Aysen;Coyhaique;Oscar del Rio 69;-;Centro de acopio;Agua mineral embotellada de preferencia sin gas. Bebidas isotónicas. Barra de cereales y energéticas. Bloqueadores solares;8:00 a 22:00;-;-;-;-72.042178;-45.582495;Twitter @1raCoyhaique;Andrea Zúñiga Ing. Geomensora Usach Santiago
Municipalidad de Renca;Metropolitana;Renca;Blanco Encalada 1335;San Javier;Centro de acopio;Agua. Bebidas isotónicas. Utiles de aseo. Pañales. Papel higienico. Alimentos no perecibles.;Hasta 21:00;-;-;-;-70.704392;-33.40453;Twitter @Muni_Renca;Andrea Zúñiga Ing. Geomensora Usach Santiago
Pets Groomers;Metropolitana;Santiago;General Jofré 125;-;Centro de Acopio de Animales;Medicinas animales menores;L: 17 a 21:30  M:10-14 y 17-21  Mi: 17 a 21:30;-;-;-;-70.636998;-33.444561;www.adnradio.cl;Carlos Ruz Matemático UC y Docente. Laboratorio de Datos Chile
Instituto Profesional Los Leones;Metropolitana;Santiago;Arturo Prat 285;Constitución;Centro de Acopio;Varios;-;-;-;-;-70.651699;-33.448729;Terreno;Carlos Ruz Matemático UC y Docente. Laboratorio de Datos Chile
